<?xml version="1.0" encoding="UTF-8"?>
<GenRun Id="impl_1" LaunchPart="xc7z020clg400-1" LaunchTime="1533801999">
  <File Type="PWROPT-DCP" Name="top_receiver_pwropt.dcp"/>
  <File Type="ROUTE-PWR" Name="top_receiver_power_routed.rpt"/>
  <File Type="PA-TCL" Name="top_receiver.tcl"/>
  <File Type="ROUTE-PWR-SUM" Name="top_receiver_power_summary_routed.pb"/>
  <File Type="REPORTS-TCL" Name="top_receiver_reports.tcl"/>
  <File Type="BG-DRC" Name="top_receiver.drc"/>
  <File Type="OPT-METHODOLOGY-DRC" Name="top_receiver_methodology_drc_opted.rpt"/>
  <File Type="INIT-TIMING" Name="top_receiver_timing_summary_init.rpt"/>
  <File Type="OPT-HWDEF" Name="top_receiver.hwdef"/>
  <File Type="OPT-DCP" Name="top_receiver_opt.dcp"/>
  <File Type="OPT-DRC" Name="top_receiver_drc_opted.rpt"/>
  <File Type="OPT-TIMING" Name="top_receiver_timing_summary_opted.rpt"/>
  <File Type="PWROPT-DRC" Name="top_receiver_drc_pwropted.rpt"/>
  <File Type="PWROPT-TIMING" Name="top_receiver_timing_summary_pwropted.rpt"/>
  <File Type="PLACE-DCP" Name="top_receiver_placed.dcp"/>
  <File Type="PLACE-IO" Name="top_receiver_io_placed.rpt"/>
  <File Type="PLACE-CLK" Name="top_receiver_clock_utilization_placed.rpt"/>
  <File Type="PLACE-UTIL" Name="top_receiver_utilization_placed.rpt"/>
  <File Type="PLACE-UTIL-PB" Name="top_receiver_utilization_placed.pb"/>
  <File Type="PLACE-CTRL" Name="top_receiver_control_sets_placed.rpt"/>
  <File Type="PLACE-SIMILARITY" Name="top_receiver_incremental_reuse_placed.rpt"/>
  <File Type="PLACE-PRE-SIMILARITY" Name="top_receiver_incremental_reuse_pre_placed.rpt"/>
  <File Type="PLACE-TIMING" Name="top_receiver_timing_summary_placed.rpt"/>
  <File Type="POSTPLACE-PWROPT-DCP" Name="top_receiver_postplace_pwropt.dcp"/>
  <File Type="POSTPLACE-PWROPT-TIMING" Name="top_receiver_timing_summary_postplace_pwropted.rpt"/>
  <File Type="PHYSOPT-DCP" Name="top_receiver_physopt.dcp"/>
  <File Type="PHYSOPT-DRC" Name="top_receiver_drc_physopted.rpt"/>
  <File Type="BG-BIT" Name="top_receiver.bit"/>
  <File Type="PHYSOPT-TIMING" Name="top_receiver_timing_summary_physopted.rpt"/>
  <File Type="ROUTE-ERROR-DCP" Name="top_receiver_routed_error.dcp"/>
  <File Type="ROUTE-DCP" Name="top_receiver_routed.dcp"/>
  <File Type="ROUTE-BLACKBOX-DCP" Name="top_receiver_routed_bb.dcp"/>
  <File Type="ROUTE-DRC" Name="top_receiver_drc_routed.rpt"/>
  <File Type="ROUTE-DRC-PB" Name="top_receiver_drc_routed.pb"/>
  <File Type="BITSTR-MSK" Name="top_receiver.msk"/>
  <File Type="ROUTE-DRC-RPX" Name="top_receiver_drc_routed.rpx"/>
  <File Type="BG-BGN" Name="top_receiver.bgn"/>
  <File Type="ROUTE-METHODOLOGY-DRC" Name="top_receiver_methodology_drc_routed.rpt"/>
  <File Type="BITSTR-RBT" Name="top_receiver.rbt"/>
  <File Type="ROUTE-METHODOLOGY-DRC-RPX" Name="top_receiver_methodology_drc_routed.rpx"/>
  <File Type="BG-BIN" Name="top_receiver.bin"/>
  <File Type="ROUTE-METHODOLOGY-DRC-PB" Name="top_receiver_methodology_drc_routed.pb"/>
  <File Type="ROUTE-PWR-RPX" Name="top_receiver_power_routed.rpx"/>
  <File Type="ROUTE-STATUS" Name="top_receiver_route_status.rpt"/>
  <File Type="ROUTE-STATUS-PB" Name="top_receiver_route_status.pb"/>
  <File Type="ROUTE-TIMINGSUMMARY" Name="top_receiver_timing_summary_routed.rpt"/>
  <File Type="ROUTE-TIMING-PB" Name="top_receiver_timing_summary_routed.pb"/>
  <File Type="ROUTE-TIMING-RPX" Name="top_receiver_timing_summary_routed.rpx"/>
  <File Type="ROUTE-SIMILARITY" Name="top_receiver_incremental_reuse_routed.rpt"/>
  <File Type="RDI-RDI" Name="top_receiver.vdi"/>
  <File Type="ROUTE-CLK" Name="top_receiver_clock_utilization_routed.rpt"/>
  <File Type="POSTROUTE-PHYSOPT-DCP" Name="top_receiver_postroute_physopt.dcp"/>
  <File Type="POSTROUTE-PHYSOPT-BLACKBOX-DCP" Name="top_receiver_postroute_physopt_bb.dcp"/>
  <File Type="POSTROUTE-PHYSOPT-TIMING" Name="top_receiver_timing_summary_postroute_physopted.rpt"/>
  <File Type="POSTROUTE-PHYSOPT-TIMING-PB" Name="top_receiver_timing_summary_postroute_physopted.pb"/>
  <File Type="POSTROUTE-PHYSOPT-TIMING-RPX" Name="top_receiver_timing_summary_postroute_physopted.rpx"/>
  <File Type="BITSTR-NKY" Name="top_receiver.nky"/>
  <File Type="BITSTR-BMM" Name="top_receiver_bd.bmm"/>
  <File Type="BITSTR-MMI" Name="top_receiver.mmi"/>
  <File Type="BITSTR-LTX" Name="debug_nets.ltx"/>
  <File Type="BITSTR-LTX" Name="top_receiver.ltx"/>
  <File Type="BITSTR-SYSDEF" Name="top_receiver.sysdef"/>
  <File Type="WBT-USG" Name="usage_statistics_webtalk.html"/>
  <FileSet Name="sources" Type="DesignSrcs" RelSrcDir="$PSRCDIR/sources_1">
    <Filter Type="Srcs"/>
    <File Path="$PSRCDIR/sources_1/imports/Receiver/count_ones.vhd">
      <FileInfo>
        <Attr Name="ImportPath" Val="$PPRDIR/../../Acad/GSOC/Apertus/8b10b_SERDES-Transceiver/Zynq/Receiver/count_ones.vhd"/>
        <Attr Name="ImportTime" Val="1533800688"/>
        <Attr Name="UsedIn" Val="synthesis"/>
        <Attr Name="UsedIn" Val="simulation"/>
      </FileInfo>
    </File>
    <File Path="$PSRCDIR/sources_1/imports/Receiver/dec_8b10b.vhd">
      <FileInfo>
        <Attr Name="ImportPath" Val="$PPRDIR/../../Acad/GSOC/Apertus/8b10b_SERDES-Transceiver/Zynq/Receiver/dec_8b10b.vhd"/>
        <Attr Name="ImportTime" Val="1533800688"/>
        <Attr Name="UsedIn" Val="synthesis"/>
        <Attr Name="UsedIn" Val="simulation"/>
      </FileInfo>
    </File>
    <File Path="$PSRCDIR/sources_1/imports/Receiver/deserializer.vhd">
      <FileInfo>
        <Attr Name="ImportPath" Val="$PPRDIR/../../Acad/GSOC/Apertus/8b10b_SERDES-Transceiver/Zynq/Receiver/deserializer.vhd"/>
        <Attr Name="ImportTime" Val="1533800688"/>
        <Attr Name="UsedIn" Val="synthesis"/>
        <Attr Name="UsedIn" Val="simulation"/>
      </FileInfo>
    </File>
    <File Path="$PSRCDIR/sources_1/imports/Receiver/prng32.vhd">
      <FileInfo>
        <Attr Name="ImportPath" Val="$PPRDIR/../../Acad/GSOC/Apertus/8b10b_SERDES-Transceiver/Zynq/Receiver/prng32.vhd"/>
        <Attr Name="ImportTime" Val="1533800688"/>
        <Attr Name="UsedIn" Val="synthesis"/>
        <Attr Name="UsedIn" Val="simulation"/>
      </FileInfo>
    </File>
    <File Path="$PSRCDIR/sources_1/imports/Receiver/top_receiver.vhd">
      <FileInfo>
        <Attr Name="ImportPath" Val="$PPRDIR/../../Acad/GSOC/Apertus/8b10b_SERDES-Transceiver/Zynq/Receiver/top_receiver.vhd"/>
        <Attr Name="ImportTime" Val="1533800688"/>
        <Attr Name="UsedIn" Val="synthesis"/>
        <Attr Name="UsedIn" Val="simulation"/>
      </FileInfo>
    </File>
    <Config>
      <Option Name="DesignMode" Val="RTL"/>
      <Option Name="TopModule" Val="top_receiver"/>
      <Option Name="TopAutoSet" Val="TRUE"/>
    </Config>
  </FileSet>
  <FileSet Name="constrs_in" Type="Constrs" RelSrcDir="$PSRCDIR/constrs_1">
    <Filter Type="Constrs"/>
    <File Path="$PSRCDIR/constrs_1/new/timing_1.xdc">
      <FileInfo>
        <Attr Name="UsedIn" Val="synthesis"/>
        <Attr Name="UsedIn" Val="implementation"/>
      </FileInfo>
    </File>
    <Config>
      <Option Name="TargetConstrsFile" Val="$PSRCDIR/constrs_1/new/timing_1.xdc"/>
      <Option Name="ConstrsType" Val="XDC"/>
    </Config>
  </FileSet>
  <Strategy Version="1" Minor="2">
    <StratHandle Name="Vivado Implementation Defaults" Flow="Vivado Implementation 2018">
      <Desc>Default settings for Implementation.</Desc>
    </StratHandle>
    <Step Id="init_design"/>
    <Step Id="opt_design"/>
    <Step Id="power_opt_design"/>
    <Step Id="place_design"/>
    <Step Id="post_place_power_opt_design"/>
    <Step Id="phys_opt_design"/>
    <Step Id="route_design"/>
    <Step Id="post_route_phys_opt_design"/>
    <Step Id="write_bitstream"/>
  </Strategy>
</GenRun>
