<?xml version="1.0" encoding="UTF-8"?>
<GenRun Id="synth_1" LaunchPart="xc7z020clg400-1" LaunchTime="1533801769">
  <File Type="PA-TCL" Name="top_receiver.tcl"/>
  <File Type="RDS-PROPCONSTRS" Name="top_receiver_drc_synth.rpt"/>
  <File Type="REPORTS-TCL" Name="top_receiver_reports.tcl"/>
  <File Type="RDS-RDS" Name="top_receiver.vds"/>
  <File Type="RDS-UTIL" Name="top_receiver_utilization_synth.rpt"/>
  <File Type="RDS-UTIL-PB" Name="top_receiver_utilization_synth.pb"/>
  <File Type="RDS-DCP" Name="top_receiver.dcp"/>
  <File Type="VDS-TIMINGSUMMARY" Name="top_receiver_timing_summary_synth.rpt"/>
  <File Type="VDS-TIMING-PB" Name="top_receiver_timing_summary_synth.pb"/>
  <FileSet Name="sources" Type="DesignSrcs" RelSrcDir="$PSRCDIR/sources_1">
    <Filter Type="Srcs"/>
    <File Path="$PSRCDIR/sources_1/imports/Receiver/count_ones.vhd">
      <FileInfo>
        <Attr Name="ImportPath" Val="$PPRDIR/../../Acad/GSOC/Apertus/8b10b_SERDES-Transceiver/Zynq/Receiver/count_ones.vhd"/>
        <Attr Name="ImportTime" Val="1533800688"/>
        <Attr Name="UsedIn" Val="synthesis"/>
        <Attr Name="UsedIn" Val="simulation"/>
      </FileInfo>
    </File>
    <File Path="$PSRCDIR/sources_1/imports/Receiver/dec_8b10b.vhd">
      <FileInfo>
        <Attr Name="ImportPath" Val="$PPRDIR/../../Acad/GSOC/Apertus/8b10b_SERDES-Transceiver/Zynq/Receiver/dec_8b10b.vhd"/>
        <Attr Name="ImportTime" Val="1533800688"/>
        <Attr Name="UsedIn" Val="synthesis"/>
        <Attr Name="UsedIn" Val="simulation"/>
      </FileInfo>
    </File>
    <File Path="$PSRCDIR/sources_1/imports/Receiver/deserializer.vhd">
      <FileInfo>
        <Attr Name="ImportPath" Val="$PPRDIR/../../Acad/GSOC/Apertus/8b10b_SERDES-Transceiver/Zynq/Receiver/deserializer.vhd"/>
        <Attr Name="ImportTime" Val="1533800688"/>
        <Attr Name="UsedIn" Val="synthesis"/>
        <Attr Name="UsedIn" Val="simulation"/>
      </FileInfo>
    </File>
    <File Path="$PSRCDIR/sources_1/imports/Receiver/prng32.vhd">
      <FileInfo>
        <Attr Name="ImportPath" Val="$PPRDIR/../../Acad/GSOC/Apertus/8b10b_SERDES-Transceiver/Zynq/Receiver/prng32.vhd"/>
        <Attr Name="ImportTime" Val="1533800688"/>
        <Attr Name="UsedIn" Val="synthesis"/>
        <Attr Name="UsedIn" Val="simulation"/>
      </FileInfo>
    </File>
    <File Path="$PSRCDIR/sources_1/imports/Receiver/top_receiver.vhd">
      <FileInfo>
        <Attr Name="ImportPath" Val="$PPRDIR/../../Acad/GSOC/Apertus/8b10b_SERDES-Transceiver/Zynq/Receiver/top_receiver.vhd"/>
        <Attr Name="ImportTime" Val="1533800688"/>
        <Attr Name="UsedIn" Val="synthesis"/>
        <Attr Name="UsedIn" Val="simulation"/>
      </FileInfo>
    </File>
    <Config>
      <Option Name="DesignMode" Val="RTL"/>
      <Option Name="TopModule" Val="top_receiver"/>
      <Option Name="TopAutoSet" Val="TRUE"/>
    </Config>
  </FileSet>
  <FileSet Name="constrs_in" Type="Constrs" RelSrcDir="$PSRCDIR/constrs_1">
    <Filter Type="Constrs"/>
    <File Path="$PSRCDIR/constrs_1/new/timing_1.xdc">
      <FileInfo>
        <Attr Name="UsedIn" Val="synthesis"/>
        <Attr Name="UsedIn" Val="implementation"/>
      </FileInfo>
    </File>
    <Config>
      <Option Name="TargetConstrsFile" Val="$PSRCDIR/constrs_1/new/timing_1.xdc"/>
      <Option Name="ConstrsType" Val="XDC"/>
    </Config>
  </FileSet>
  <Strategy Version="1" Minor="2">
    <StratHandle Name="Vivado Synthesis Defaults" Flow="Vivado Synthesis 2018">
      <Desc>Vivado Synthesis Defaults</Desc>
    </StratHandle>
    <Step Id="synth_design"/>
  </Strategy>
</GenRun>
